segment,customers,revenue,avg_recency,avg_orders,revenue_share,customer_share
Champions,1478,11623163.07,20.389039242219216,15.42828146143437,0.7039343734322172,0.25329905741216796
Loyal,1201,2327878.65,78.27060782681099,5.3213988343047465,0.14098346457372601,0.2058269065981148
Big spenders,316,1043065.45,249.56645569620252,5.924050632911392,0.0631712400120825,0.054155955441302486
Hibernating,1825,704731.41,392.7112328767123,1.261917808219178,0.04268069376199099,0.31276778063410454
At risk,596,639779.01,396.6275167785235,3.922818791946309,0.03874697737845936,0.10214224507283633
Promising,419,173096.44,28.522673031026255,1.4367541766109786,0.010483250841523932,0.07180805484147386
